"cell_id","predicted.id","predicted.id.score","cluster"
"ADPN_GCGTCAACAATCATCT-1","0",0.766163275284433,"19"
"ADPC_AACCTGATCGCTCTAT-1","0",0.692432542821677,"19"
"ADPC_AAGTCCATCCGGTACG-1","0",0.821895502608599,"19"
"ADPC_ACCCTCGCAACCTTCA-1","0",0.747028814619759,"19"
"ADPC_ACTATCTCAATCAGTA-1","0",0.86955605806585,"19"
"ADPC_ACTCAATAGGTTCATG-1","0",0.737455482433951,"19"
"ADPC_AGGATCAGTTCAAGGA-1","0",0.771298699963202,"19"
"ADPC_AGGCAGGCAACATTAG-1","0",0.599073312963579,"19"
"ADPC_AGTGCCCGTTGCGGCT-1","0",0.684348097699931,"19"
"ADPC_ATTCACCTCGTCTCTG-1","0",0.636921021206418,"19"
"ADPC_CACATTGAGGCGATGA-1","0",0.807683361945944,"19"
"ADPC_CCCTTAACATCGACTC-1","0",0.751741460856229,"19"
"ADPC_CGCATCCTCGCTTCCA-1","0",0.95653180922618,"19"
"ADPC_CGTCGCTTCATGTGAT-1","0",0.76999598834697,"19"
"ADPC_CGTCTTGTCTCATTCA-1","0",0.713656337857147,"19"
"ADPC_CGTTGTAAGTTACCTC-1","0",0.715200347479082,"19"
"ADPC_CTAATGGTCCATCTAC-1","0",0.934626501450255,"19"
"ADPC_CTCATGTTCACCAATG-1","0",0.789412459570861,"19"
"ADPC_CTCGAATGTGACTCCA-1","0",0.790845004568057,"19"
"ADPC_CTGCGATAGGTTGATT-1","0",0.831890693007164,"19"
"ADPC_CTTACTATCCATGTGA-1","0",0.509180646017057,"19"
"ADPC_GCTAGTTGTATGTACC-1","0",0.887069298959477,"19"
"ADPC_GGATGTTCAACTGTCC-1","0",0.873130655879498,"19"
"ADPC_GGCGATGGTTGGTGAA-1","0",0.590862329791089,"19"
"ADPC_GGTATTGTCGCGTTAA-1","0",0.437025537092738,"19"
"ADPC_TACCCCTGTGATGGTA-1","0",0.523008991854048,"19"
"ADPC_TCTATCGCAAACCCGA-1","0",0.891277050878451,"19"
"ADPC_TGCCCGAAGCTAATCG-1","0",0.844297090461215,"19"
"ADPC_TGCGATTGTAGCCTTG-1","0",0.824980808393653,"19"
"ADPH_AGGCGGACACTAGTCC-1","0",0.75804354754287,"19"
"ADPH_AGGCGTTTCAGTGCCG-1","0",0.551923646011342,"19"
"ADPH_ATGCCTGGTAGTGACA-1","0",0.854356473586181,"19"
"ADPH_ATGGGATAGATTCGCA-1","0",0.632500130581018,"19"
"ADPH_ATGGTGAGTTATGCAC-1","0",0.568154968846815,"19"
"ADPH_CAATCCTTCAGCATCA-1","0",0.619089182320406,"19"
"ADPH_CAGCGATTCTAGTGTG-1","0",0.686126134605915,"19"
"ADPH_CATATCTCACTCAACC-1","0",0.861984907398797,"19"
"ADPH_CATCCGCTCCAGCATA-1","7",0.356599661819181,"19"
"ADPH_CCATCCTGTAACGGCG-1","0",0.906890437481255,"19"
"ADPH_CGTCTATTCATGTGAT-1","0",0.676651659715309,"19"
"ADPH_CTCACATTCACATGCA-1","0",0.913651487940123,"19"
"ADPH_CTCTGACCACTTCACA-1","0",0.682303117843795,"19"
"ADPH_GCATTGATCAGCTACA-1","0",0.628454127342841,"19"
"ADPH_GCGTAGCCATTACTAC-1","4",0.514154545711933,"19"
"ADPH_GCTCCTTGTTCCTGAG-1","0",0.67982742193166,"19"
"ADPH_GGATCGTTCTAAGCCA-1","0",0.736967064715592,"19"
"ADPH_GGTTTAGTCCTGTCGC-1","0",0.75045084821424,"19"
"ADPH_GTGAACCTCGCGTCTC-1","0",0.57362062183828,"19"
"ADPH_TAACGATTCCTCGATT-1","0",0.809026605626341,"19"
"ADPH_TCCAAAGTCCAGAGGA-1","0",0.697427686055533,"19"
"ADPH_TCGATAGTCATGCTAG-1","0",0.576287180419902,"19"
"ADPH_TGCCTGCTCACCCTAT-1","0",0.640204433198156,"19"
"ADPH_TGGATTGTCACCTCGC-1","0",0.798772506991541,"19"
